dataset,pipeline,fpr,tpr
sprot_5k,cablastp,0.000000,0.000000
sprot_5k,cablastp,0.000000,0.005102
sprot_5k,cablastp,0.000000,0.010204
sprot_5k,cablastp,0.000000,0.015306
sprot_5k,cablastp,0.000000,0.020408
sprot_5k,cablastp,0.000000,0.025510
sprot_5k,cablastp,0.000000,0.030612
sprot_5k,cablastp,0.000000,0.035714
sprot_5k,cablastp,0.000000,0.040816
sprot_5k,cablastp,0.000000,0.045918
sprot_5k,cablastp,0.000000,0.051020
sprot_5k,cablastp,0.000000,0.056122
sprot_5k,cablastp,0.000000,0.061224
sprot_5k,cablastp,0.000000,0.066327
sprot_5k,cablastp,0.000000,0.071429
sprot_5k,cablastp,0.000000,0.076531
sprot_5k,cablastp,0.000000,0.081633
sprot_5k,cablastp,0.000000,0.086735
sprot_5k,cablastp,0.000000,0.091837
sprot_5k,cablastp,0.000000,0.096939
sprot_5k,cablastp,0.000000,0.102041
sprot_5k,cablastp,0.000000,0.107143
sprot_5k,cablastp,0.000000,0.112245
sprot_5k,cablastp,0.000000,0.117347
sprot_5k,cablastp,0.000000,0.122449
sprot_5k,cablastp,0.000000,0.127551
sprot_5k,cablastp,0.000000,0.132653
sprot_5k,cablastp,0.000000,0.137755
sprot_5k,cablastp,0.000000,0.147959
sprot_5k,cablastp,0.000000,0.153061
sprot_5k,cablastp,0.000000,0.163265
sprot_5k,cablastp,0.000000,0.168367
sprot_5k,cablastp,0.000000,0.173469
sprot_5k,cablastp,0.000000,0.178571
sprot_5k,cablastp,0.000000,0.183673
sprot_5k,cablastp,0.000000,0.188776
sprot_5k,cablastp,0.000000,0.193878
sprot_5k,cablastp,0.000000,0.198980
sprot_5k,cablastp,0.000000,0.204082
sprot_5k,cablastp,0.000000,0.209184
sprot_5k,cablastp,0.000000,0.214286
sprot_5k,cablastp,0.000000,0.219388
sprot_5k,cablastp,0.000000,0.224490
sprot_5k,cablastp,0.000000,0.229592
sprot_5k,cablastp,0.000000,0.234694
sprot_5k,cablastp,0.000000,0.239796
sprot_5k,cablastp,0.000000,0.244898
sprot_5k,cablastp,0.000000,0.255102
sprot_5k,cablastp,0.000000,0.260204
sprot_5k,cablastp,0.000000,0.265306
sprot_5k,cablastp,0.000000,0.270408
sprot_5k,cablastp,0.000000,0.275510
sprot_5k,cablastp,0.000000,0.280612
sprot_5k,cablastp,0.000000,0.290816
sprot_5k,cablastp,0.000000,0.295918
sprot_5k,cablastp,0.000000,0.301020
sprot_5k,cablastp,0.000000,0.306122
sprot_5k,cablastp,0.000000,0.311224
sprot_5k,cablastp,0.000000,0.316327
sprot_5k,cablastp,0.000000,0.321429
sprot_5k,cablastp,0.000000,0.326531
sprot_5k,cablastp,0.000000,0.331633
sprot_5k,cablastp,0.000000,0.336735
sprot_5k,cablastp,0.000000,0.341837
sprot_5k,cablastp,0.000000,0.357143
sprot_5k,cablastp,0.000000,0.367347
sprot_5k,cablastp,0.000000,0.372449
sprot_5k,cablastp,0.000000,0.387755
sprot_5k,cablastp,0.000000,0.392857
sprot_5k,cablastp,0.000000,0.397959
sprot_5k,cablastp,0.000000,0.403061
sprot_5k,cablastp,0.000000,0.408163
sprot_5k,cablastp,0.000000,0.428571
sprot_5k,cablastp,0.000000,0.433673
sprot_5k,cablastp,0.000000,0.438776
sprot_5k,cablastp,0.000000,0.443878
sprot_5k,cablastp,0.000000,0.448980
sprot_5k,cablastp,0.000000,0.454082
sprot_5k,cablastp,0.000000,0.469388
sprot_5k,cablastp,0.000000,0.474490
sprot_5k,cablastp,0.000000,0.479592
sprot_5k,cablastp,0.000000,0.484694
sprot_5k,cablastp,0.000000,0.494898
sprot_5k,cablastp,0.000000,0.500000
sprot_5k,cablastp,0.000000,0.505102
sprot_5k,cablastp,0.000000,0.510204
sprot_5k,cablastp,0.000000,0.515306
sprot_5k,cablastp,0.000000,0.520408
sprot_5k,cablastp,0.000000,0.525510
sprot_5k,cablastp,0.000000,0.535714
sprot_5k,cablastp,0.000000,0.545918
sprot_5k,cablastp,0.000000,0.561224
sprot_5k,cablastp,0.000000,0.566327
sprot_5k,cablastp,0.000000,0.571429
sprot_5k,cablastp,0.000000,0.581633
sprot_5k,cablastp,0.000000,0.586735
sprot_5k,cablastp,0.000000,0.591837
sprot_5k,cablastp,0.000000,0.607143
sprot_5k,cablastp,0.000000,0.612245
sprot_5k,cablastp,0.000000,0.617347
sprot_5k,cablastp,0.000000,0.622449
sprot_5k,cablastp,0.000000,0.627551
sprot_5k,cablastp,0.000000,0.632653
sprot_5k,cablastp,0.000000,0.637755
sprot_5k,cablastp,0.000000,0.647959
sprot_5k,cablastp,0.000000,0.653061
sprot_5k,cablastp,0.000000,0.658163
sprot_5k,cablastp,0.000000,0.663265
sprot_5k,cablastp,0.000000,0.668367
sprot_5k,cablastp,0.000000,0.673469
sprot_5k,cablastp,0.000000,0.678571
sprot_5k,cablastp,0.000000,0.683673
sprot_5k,cablastp,0.000000,0.688776
sprot_5k,cablastp,0.000000,0.693878
sprot_5k,cablastp,0.000000,0.698980
sprot_5k,cablastp,0.000000,0.704082
sprot_5k,cablastp,0.000000,0.709184
sprot_5k,cablastp,0.000000,0.714286
sprot_5k,cablastp,0.000000,0.734694
sprot_5k,cablastp,0.000000,0.739796
sprot_5k,cablastp,0.000000,0.750000
sprot_5k,cablastp,0.000000,0.755102
sprot_5k,cablastp,0.000000,0.760204
sprot_5k,cablastp,0.000000,0.765306
sprot_5k,cablastp,0.000000,0.770408
sprot_5k,cablastp,0.000000,0.775510
sprot_5k,cablastp,0.000000,0.780612
sprot_5k,cablastp,0.000000,0.785714
sprot_5k,cablastp,0.000000,0.790816
sprot_5k,cablastp,0.000000,0.801020
sprot_5k,cablastp,0.000000,0.806122
sprot_5k,cablastp,0.000000,0.811224
sprot_5k,cablastp,0.000000,0.816327
sprot_5k,cablastp,0.000000,0.821429
sprot_5k,cablastp,0.000000,0.826531
sprot_5k,cablastp,0.000000,0.831633
sprot_5k,cablastp,0.000000,0.841837
sprot_5k,cablastp,0.000000,0.846939
sprot_5k,cablastp,0.000000,0.852041
sprot_5k,cablastp,0.000000,0.857143
sprot_5k,cablastp,0.000000,0.862245
sprot_5k,cablastp,0.000000,0.867347
sprot_5k,cablastp,0.000000,0.872449
sprot_5k,cablastp,0.000000,0.877551
sprot_5k,cablastp,0.000000,0.882653
sprot_5k,cablastp,0.000000,0.887755
sprot_5k,cablastp,0.000000,0.892857
sprot_5k,cablastp,0.000000,0.897959
sprot_5k,cablastp,0.000000,0.908163
sprot_5k,cablastp,0.000000,0.923469
sprot_5k,cablastp,0.000000,0.933673
sprot_5k,cablastp,0.000000,0.943878
sprot_5k,cablastp,0.000000,0.948980
sprot_5k,cablastp,0.000000,0.959184
sprot_5k,cablastp,0.000000,0.964286
sprot_5k,cablastp,0.000000,0.974490
sprot_5k,cablastp,0.000000,0.984694
sprot_5k,cablastp,0.000000,0.989796
sprot_5k,cablastp,0.000000,0.994898
sprot_5k,cablastp,1.000000,1.000000
